{
    "name": "root",
    "gauges": {
        "CarDrive.Policy.Entropy.mean": {
            "value": 1.4121545553207397,
            "min": 1.411962628364563,
            "max": 1.4214894771575928,
            "count": 50
        },
        "CarDrive.Policy.ExtrinsicValueEstimate.mean": {
            "value": -0.13180820643901825,
            "min": -0.4395757019519806,
            "max": 0.05667845904827118,
            "count": 50
        },
        "CarDrive.IsTraining.mean": {
            "value": 1.0,
            "min": 1.0,
            "max": 1.0,
            "count": 50
        },
        "CarDrive.Losses.PolicyLoss.mean": {
            "value": 0.023522207994634906,
            "min": 0.017513202441235384,
            "max": 0.031970219934980074,
            "count": 48
        },
        "CarDrive.Losses.ValueLoss.mean": {
            "value": 0.02159740887582302,
            "min": 0.0013259139144793154,
            "max": 0.1351660614212354,
            "count": 48
        },
        "CarDrive.Policy.LearningRate.mean": {
            "value": 4.036898654400009e-06,
            "min": 4.036898654400009e-06,
            "max": 0.0002937792020736,
            "count": 48
        },
        "CarDrive.Policy.Epsilon.mean": {
            "value": 0.10134560000000002,
            "min": 0.10134560000000002,
            "max": 0.1979264,
            "count": 48
        },
        "CarDrive.Policy.Beta.mean": {
            "value": 7.714544000000015e-05,
            "min": 7.714544000000015e-05,
            "max": 0.004896527360000002,
            "count": 48
        },
        "CarDrive.Environment.EpisodeLength.mean": {
            "value": 463.275,
            "min": 10.444444444444445,
            "max": 4096.0,
            "count": 49
        },
        "CarDrive.Environment.CumulativeReward.mean": {
            "value": 0.08946459264261648,
            "min": -0.9976558061384097,
            "max": 5.281020645673077,
            "count": 49
        },
        "CarDrive.Policy.ExtrinsicReward.mean": {
            "value": 0.08946459264261648,
            "min": -0.9976558061384097,
            "max": 5.281020645673077,
            "count": 49
        }
    },
    "metadata": {
        "timer_format_version": "0.1.0",
        "start_time_seconds": "1610930516",
        "python_version": "3.7.9 (tags/v3.7.9:13c94747c7, Aug 17 2020, 18:58:18) [MSC v.1900 64 bit (AMD64)]",
        "command_line_arguments": "C:\\Users\\Kevin Yu\\AppData\\Local\\Programs\\Python\\Python37\\Scripts\\mlagents-learn trainer_config.yaml --train --run-id=CarDrive",
        "mlagents_version": "0.23.0",
        "mlagents_envs_version": "0.23.0",
        "communication_protocol_version": "1.3.0",
        "pytorch_version": "1.7.0+cu110",
        "numpy_version": "1.18.5",
        "end_time_seconds": "1610931025"
    },
    "total": 509.1251585,
    "count": 1,
    "self": 0.004039200000022447,
    "children": {
        "run_training.setup": {
            "total": 0.00511689999999998,
            "count": 1,
            "self": 0.00511689999999998
        },
        "TrainerController.start_learning": {
            "total": 509.11600239999996,
            "count": 1,
            "self": 2.5652842000098417,
            "children": {
                "TrainerController._reset_env": {
                    "total": 6.454516,
                    "count": 1,
                    "self": 6.454516
                },
                "TrainerController.advance": {
                    "total": 500.0613033999901,
                    "count": 166709,
                    "self": 1.381107799986978,
                    "children": {
                        "env_step": {
                            "total": 498.6801956000031,
                            "count": 166709,
                            "self": 267.2381496000088,
                            "children": {
                                "SubprocessEnvManager._take_step": {
                                    "total": 230.13149819999714,
                                    "count": 166709,
                                    "self": 5.8886900000003095,
                                    "children": {
                                        "TorchPolicy.evaluate": {
                                            "total": 224.24280819999683,
                                            "count": 166709,
                                            "self": 69.2545852999927,
                                            "children": {
                                                "TorchPolicy.sample_actions": {
                                                    "total": 154.98822290000413,
                                                    "count": 166709,
                                                    "self": 154.98822290000413
                                                }
                                            }
                                        }
                                    }
                                },
                                "workers": {
                                    "total": 1.3105477999971606,
                                    "count": 166709,
                                    "self": 0.0,
                                    "children": {
                                        "worker_root": {
                                            "total": 501.21232050000094,
                                            "count": 166709,
                                            "is_parallel": true,
                                            "self": 328.9856999000008,
                                            "children": {
                                                "steps_from_proto": {
                                                    "total": 0.00022919999999970742,
                                                    "count": 1,
                                                    "is_parallel": true,
                                                    "self": 6.2400000000018e-05,
                                                    "children": {
                                                        "_process_vector_observation": {
                                                            "total": 0.00016679999999968942,
                                                            "count": 2,
                                                            "is_parallel": true,
                                                            "self": 0.00016679999999968942
                                                        }
                                                    }
                                                },
                                                "UnityEnvironment.step": {
                                                    "total": 172.22639140000013,
                                                    "count": 166709,
                                                    "is_parallel": true,
                                                    "self": 7.832418900018837,
                                                    "children": {
                                                        "UnityEnvironment._generate_step_input": {
                                                            "total": 8.862686499996336,
                                                            "count": 166709,
                                                            "is_parallel": true,
                                                            "self": 8.862686499996336
                                                        },
                                                        "communicator.exchange": {
                                                            "total": 137.99330579999022,
                                                            "count": 166709,
                                                            "is_parallel": true,