{
    "name": "root",
    "gauges": {
        "CarDrive.Policy.Entropy.mean": {
            "value": 1.3956180810928345,
            "min": 1.3956180810928345,
            "max": 1.4189382791519165,
            "count": 16
        },
        "CarDrive.Policy.ExtrinsicValueEstimate.mean": {
            "value": -0.5625472664833069,
            "min": -0.6702625751495361,
            "max": -0.00904311053454876,
            "count": 16
        },
        "CarDrive.Environment.EpisodeLength.mean": {
            "value": 33.28666666666667,
            "min": 18.21264367816092,
            "max": 191.859649122807,
            "count": 15
        },
        "CarDrive.Environment.CumulativeReward.mean": {
            "value": -1.055656626385947,
            "min": -1.4696771783246236,
            "max": -0.8931554292348471,
            "count": 15
        },
        "CarDrive.Policy.ExtrinsicReward.mean": {
            "value": -1.055656626385947,
            "min": -1.4696771783246236,
            "max": -0.8931554292348471,
            "count": 15
        },
        "CarDrive.IsTraining.mean": {
            "value": 1.0,
            "min": 1.0,
            "max": 1.0,
            "count": 16
        },
        "CarDrive.Losses.PolicyLoss.mean": {
            "value": 0.021343076586102447,
            "min": 0.020179972083618245,
            "max": 0.0314918113561968,
            "count": 15
        },
        "CarDrive.Losses.ValueLoss.mean": {
            "value": 0.0043192331368724505,
            "min": 0.0043192331368724505,
            "max": 0.12604641169309616,
            "count": 15
        },
        "CarDrive.Policy.LearningRate.mean": {
            "value": 0.00020746863084379995,
            "min": 0.00020746863084379995,
            "max": 0.00029378760207079995,
            "count": 15
        },
        "CarDrive.Policy.Epsilon.mean": {
            "value": 0.16915619999999995,
            "min": 0.16915619999999995,
            "max": 0.1979292,
            "count": 15
        },
        "CarDrive.Policy.Beta.mean": {
            "value": 0.0034608943799999997,
            "min": 0.0034608943799999997,
            "max": 0.00489666708,
            "count": 15
        }
    },
    "metadata": {
        "timer_format_version": "0.1.0",
        "start_time_seconds": "1610930282",
        "python_version": "3.7.9 (tags/v3.7.9:13c94747c7, Aug 17 2020, 18:58:18) [MSC v.1900 64 bit (AMD64)]",
        "command_line_arguments": "C:\\Users\\Kevin Yu\\AppData\\Local\\Programs\\Python\\Python37\\Scripts\\mlagents-learn trainer_config.yaml --run-id=secondRun --train",
        "mlagents_version": "0.23.0",
        "mlagents_envs_version": "0.23.0",
        "communication_protocol_version": "1.3.0",
        "pytorch_version": "1.7.0+cu110",
        "numpy_version": "1.18.5",
        "end_time_seconds": "1610930476"
    },
    "total": 193.8486479,
    "count": 1,
    "self": 0.0030624999999986358,
    "children": {
        "run_training.setup": {
            "total": 0.0050592000000000414,
            "count": 1,
            "self": 0.0050592000000000414
        },
        "TrainerController.start_learning": {
            "total": 193.8405262,
            "count": 1,
            "self": 0.8764482999989411,
            "children": {
                "TrainerController._reset_env": {
                    "total": 21.9990629,
                    "count": 1,
                    "self": 21.9990629
                },
                "TrainerController.advance": {
                    "total": 170.91565930000104,
                    "count": 55334,
                    "self": 0.46904009999806817,
                    "children": {
                        "env_step": {
                            "total": 170.44661920000297,
                            "count": 55334,
                            "self": 91.7603728000039,
                            "children": {
                                "SubprocessEnvManager._take_step": {
                                    "total": 78.25000189999751,
                                    "count": 55334,
                                    "self": 2.0185348999970927,
                                    "children": {
                                        "TorchPolicy.evaluate": {
                                            "total": 76.23146700000042,
                                            "count": 55334,
                                            "self": 23.36375409999745,
                                            "children": {
                                                "TorchPolicy.sample_actions": {
                                                    "total": 52.86771290000297,
                                                    "count": 55334,
                                                    "self": 52.86771290000297
                                                }
                                            }
                                        }
                                    }
                                },
                                "workers": {
                                    "total": 0.4362445000015498,
                                    "count": 55333,
                                    "self": 0.0,
                                    "children": {
                                        "worker_root": {
                                            "total": 171.82120039999603,
                                            "count": 55333,
                                            "is_parallel": true,
                                            "self": 112.49418049999423,
                                            "children": {
                                                "steps_from_proto": {
                                                    "total": 0.00023129999999937922,
                                                    "count": 1,
                                                    "is_parallel": true,
                                                    "self": 6.120000000109371e-05,
                                                    "children": {
                                                        "_process_vector_observation": {
                                                            "total": 0.0001700999999982855,
                                                            "count": 2,
                                                            "is_parallel": true,
                                                            "self": 0.0001700999999982855
                                                        }
                                                    }
                                                },
                                                "UnityEnvironment.step": {
                                                    "total": 59.3267886000018,
                                                    "count": 55333,
                                                    "is_parallel": true,
                                                    "self": 2.6615700000013547,
                                                    "children": {
                                                        "UnityEnvironment._generate_step_input": {
                                                            "total": 3.0557522999999307,
                                                            "count": 55333,
                                                            "is_parallel": true,
                                                            "self": 3.0557522999999307
                                                        },
                                                        "communicator.exchange": {
                                                            "total": 47.63660879999926,
                                                            "count": 55333,
                                                            "is_parallel": true,