{
    "name": "root",
    "gauges": {
        "CarDrive.Policy.Entropy.mean": {
            "value": 1.4249242544174194,
            "min": 1.418938398361206,
            "max": 1.4377732276916504,
            "count": 50
        },
        "CarDrive.Policy.ExtrinsicValueEstimate.mean": {
            "value": 1.3447118997573853,
            "min": 0.02638898231089115,
            "max": 1.3447118997573853,
            "count": 50
        },
        "CarDrive.IsTraining.mean": {
            "value": 1.0,
            "min": 1.0,
            "max": 1.0,
            "count": 50
        },
        "CarDrive.Losses.PolicyLoss.mean": {
            "value": 0.02879470990349849,
            "min": 0.01587175433523953,
            "max": 0.0319362905031691,
            "count": 48
        },
        "CarDrive.Losses.ValueLoss.mean": {
            "value": 0.004423372975240151,
            "min": 0.0005101025764209529,
            "max": 0.017102453702439863,
            "count": 48
        },
        "CarDrive.Policy.LearningRate.mean": {
            "value": 2.796699067800016e-06,
            "min": 2.796699067800016e-06,
            "max": 0.00029366400211200004,
            "count": 48
        },
        "CarDrive.Policy.Epsilon.mean": {
            "value": 0.10093219999999999,
            "min": 0.10093219999999999,
            "max": 0.19788799999999995,
            "count": 48
        },
        "CarDrive.Policy.Beta.mean": {
            "value": 5.651678000000027e-05,
            "min": 5.651678000000027e-05,
            "max": 0.004894611200000001,
            "count": 48
        },
        "CarDrive.Environment.EpisodeLength.mean": {
            "value": 24192.0,
            "min": 855.0,
            "max": 24192.0,
            "count": 34
        },
        "CarDrive.Environment.CumulativeReward.mean": {
            "value": 253.1473092297092,
            "min": 2.508784145116806,
            "max": 253.1473092297092,
            "count": 34
        },
        "CarDrive.Policy.ExtrinsicReward.mean": {
            "value": 253.1473092297092,
            "min": 2.508784145116806,
            "max": 253.1473092297092,
            "count": 34
        }
    },
    "metadata": {
        "timer_format_version": "0.1.0",
        "start_time_seconds": "1612374428",
        "python_version": "3.7.9 (tags/v3.7.9:13c94747c7, Aug 17 2020, 18:58:18) [MSC v.1900 64 bit (AMD64)]",
        "command_line_arguments": "C:\\Users\\Kevin Yu\\AppData\\Local\\Programs\\Python\\Python37\\Scripts\\mlagents-learn trainer_config.yaml --train --run-id=CarDrive7",
        "mlagents_version": "0.23.0",
        "mlagents_envs_version": "0.23.0",
        "communication_protocol_version": "1.3.0",
        "pytorch_version": "1.7.0+cu110",
        "numpy_version": "1.18.5",
        "end_time_seconds": "1612374624"
    },
    "total": 196.3417977,
    "count": 1,
    "self": 0.004691299999990406,
    "children": {
        "run_training.setup": {
            "total": 0.02050529999999995,
            "count": 1,
            "self": 0.02050529999999995
        },
        "TrainerController.start_learning": {
            "total": 196.3166011,
            "count": 1,
            "self": 0.5830015000009325,
            "children": {
                "TrainerController._reset_env": {
                    "total": 15.524822400000001,
                    "count": 1,
                    "self": 15.524822400000001
                },
                "TrainerController.advance": {
                    "total": 180.17149169999908,
                    "count": 33365,
                    "self": 0.3150518999974281,
                    "children": {
                        "env_step": {
                            "total": 179.85643980000165,
                            "count": 33365,
                            "self": 105.9666581000026,
                            "children": {
                                "SubprocessEnvManager._take_step": {
                                    "total": 73.58996390000085,
                                    "count": 33365,
                                    "self": 1.566069100002153,
                                    "children": {
                                        "TorchPolicy.evaluate": {
                                            "total": 72.0238947999987,
                                            "count": 33365,
                                            "self": 20.320639699998793,
                                            "children": {
                                                "TorchPolicy.sample_actions": {
                                                    "total": 51.70325509999991,
                                                    "count": 33365,
                                                    "self": 51.70325509999991
                                                }
                                            }
                                        }
                                    }
                                },
                                "workers": {
                                    "total": 0.2998177999981948,
                                    "count": 33365,
                                    "self": 0.0,
                                    "children": {
                                        "worker_root": {
                                            "total": 183.20775089999816,
                                            "count": 33365,
                                            "is_parallel": true,
                                            "self": 117.35685279999815,
                                            "children": {
                                                "steps_from_proto": {
                                                    "total": 0.00039920000000037703,
                                                    "count": 1,
                                                    "is_parallel": true,
                                                    "self": 8.250000000131763e-05,
                                                    "children": {
                                                        "_process_vector_observation": {
                                                            "total": 0.0003166999999990594,
                                                            "count": 2,
                                                            "is_parallel": true,
                                                            "self": 0.0003166999999990594
                                                        }
                                                    }
                                                },
                                                "UnityEnvironment.step": {
                                                    "total": 65.8504989,
                                                    "count": 33365,
                                                    "is_parallel": true,
                                                    "self": 2.525771100001741,
                                                    "children": {
                                                        "UnityEnvironment._generate_step_input": {
                                                            "total": 5.554855399999575,
                                                            "count": 33365,
                                                            "is_parallel": true,
                                                            "self": 5.554855399999575
                                                        },
                                                        "communicator.exchange": {
                                                            "total": 51.854664800001046,
                                                            "count": 33365,
                                                            "is_parallel": true,