{"count":1,"self":169.358592,"total":6109.8351352,"children":{"AgentSendState":{"count":133384,"self":29.5631232,"total":542.609111,"children":{"CollectObservations":{"count":4001520,"self":55.3034944,"total":55.303495899999994,"children":null},"CollectDiscreteActionMasks":{"count":4001520,"self":5.5998404,"total":5.5998402999999994,"children":null},"AgentInfo.ToProto":{"count":2000760,"self":7.4311152,"total":452.1426525,"children":{"GenerateSensorData":{"count":2000760,"self":30.235884799999997,"total":444.7115371,"children":{"RayPerceptionSensor.Perceive":{"count":2000760,"self":414.475648,"total":414.4756509,"children":null}}}}}}},"DecideAction":{"count":133384,"self":5373.5423999999994,"total":5373.5424478999994,"children":null},"AgentAct":{"count":133384,"self":24.2006752,"total":24.200675,"children":null},"AgentInfo.ToProto":{"count":447,"self":0.0049656,"total":0.12228889999999999,"children":{"GenerateSensorData":{"count":447,"self":0.0049888,"total":0.11732329999999999,"children":{"RayPerceptionSensor.Perceive":{"count":447,"self":0.11233449999999999,"total":0.11233449999999999,"children":null}}}}}},"gauges":{"CarDrive.CumulativeReward":{"count":447,"max":1475.32971,"min":-3.676375,"runningAverage":6.7030015,"value":1475.32971,"weightedAverage":438.72226},"CarDrive2.CumulativeReward":{"count":264,"max":1556.39026,"min":-2.97241139,"runningAverage":34.87092,"value":1556.39026,"weightedAverage":480.27}},"metadata":{"timer_format_version":"0.1.0","start_time_seconds":"1614377469","unity_version":"2020.2.1f1","command_line_arguments":"C:\\Program Files\\Unity\\Hub\\Editor\\2020.2.1f1\\Editor\\Unity.exe -projectpath C:\/Users\/sahil\/source\/repos\/cAr-drIve -useHub -hubIPC -cloudEnvironment production -hubSessionId 56c14ee0-7853-11eb-81d1-974a96f3c616 -accessToken U3BbJqUUawPy5vE46gCoMUfiWTMNQvyr_QAdOAqAL-E001f","communication_protocol_version":"1.0.0","com.unity.ml-agents_version":"1.0.6","scene_name":"CarTrain","end_time_seconds":"1614383578"}}