{"count":1,"self":68.2155648,"total":434.48000199999996,"children":{"AgentSendState":{"count":76834,"self":6.1195955999999994,"total":19.7408649,"children":{"CollectObservations":{"count":1152510,"self":7.6972752,"total":7.6972752999999994,"children":null},"CollectDiscreteActionMasks":{"count":1152510,"self":1.0734314999999999,"total":1.0734314999999999,"children":null},"AgentInfo.ToProto":{"count":1152510,"self":2.6653028,"total":4.8505626,"children":{"GenerateSensorData":{"count":1152510,"self":2.18526,"total":2.1852598999999997,"children":null}}}}},"DecideAction":{"count":76834,"self":341.5467264,"total":341.54673329999997,"children":null},"AgentAct":{"count":76834,"self":4.9568395999999995,"total":4.9568395999999995,"children":null},"AgentInfo.ToProto":{"count":2125,"self":0.011,"total":0.018997899999999998,"children":{"GenerateSensorData":{"count":2125,"self":0.0079979,"total":0.0079979,"children":null}}}},"gauges":{"CarDrive.CumulativeReward":{"count":2125,"max":15.4971418,"min":-0.0114672938,"runningAverage":5.16847372,"value":5.443372,"weightedAverage":5.420815}},"metadata":{"timer_format_version":"0.1.0","start_time_seconds":"1614022084","unity_version":"2020.2.1f1","command_line_arguments":"C:\\Program Files\\Unity\\Hub\\Editor\\2020.2.1f1\\Editor\\Unity.exe -projectpath C:\/Users\/Kevin Yu\/source\/repos\/self_driving_car_simulator -useHub -hubIPC -cloudEnvironment production -hubSessionId cd08baf0-7535-11eb-8873-fbceb906f8e8 -accessToken F0ovaiSeN72hP7kcybolETBENZWuVatOD-nT282_vGI012f","communication_protocol_version":"1.0.0","com.unity.ml-agents_version":"1.0.6","scene_name":"CarTrain2","end_time_seconds":"1614022518"}}