{
    "name": "root",
    "gauges": {
        "CarDrive.Policy.Entropy.mean": {
            "value": 1.4189382791519165,
            "min": 1.4189382791519165,
            "max": 1.4189382791519165,
            "count": 1
        },
        "CarDrive.Policy.ExtrinsicValueEstimate.mean": {
            "value": 0.11803337186574936,
            "min": 0.11803337186574936,
            "max": 0.11803337186574936,
            "count": 1
        },
        "CarDrive.Environment.EpisodeLength.mean": {
            "value": 193.42857142857142,
            "min": 193.42857142857142,
            "max": 193.42857142857142,
            "count": 1
        },
        "CarDrive.Environment.CumulativeReward.mean": {
            "value": -0.6355713148202214,
            "min": -0.6355713148202214,
            "max": -0.6355713148202214,
            "count": 1
        },
        "CarDrive.Policy.ExtrinsicReward.mean": {
            "value": -0.6355713148202214,
            "min": -0.6355713148202214,
            "max": -0.6355713148202214,
            "count": 1
        },
        "CarDrive.IsTraining.mean": {
            "value": 1.0,
            "min": 1.0,
            "max": 1.0,
            "count": 1
        }
    },
    "metadata": {
        "timer_format_version": "0.1.0",
        "start_time_seconds": "1610930135",
        "python_version": "3.7.9 (tags/v3.7.9:13c94747c7, Aug 17 2020, 18:58:18) [MSC v.1900 64 bit (AMD64)]",
        "command_line_arguments": "C:\\Users\\Kevin Yu\\AppData\\Local\\Programs\\Python\\Python37\\Scripts\\mlagents-learn trainer_config.yaml --run-id=firstRun --train",
        "mlagents_version": "0.23.0",
        "mlagents_envs_version": "0.23.0",
        "communication_protocol_version": "1.3.0",
        "pytorch_version": "1.7.0+cu110",
        "numpy_version": "1.18.5",
        "end_time_seconds": "1610930211"
    },
    "total": 75.8387517,
    "count": 1,
    "self": 0.003741500000003839,
    "children": {
        "run_training.setup": {
            "total": 0.02805879999999994,
            "count": 1,
            "self": 0.02805879999999994
        },
        "TrainerController.start_learning": {
            "total": 75.8069514,
            "count": 1,
            "self": 0.23407149999945887,
            "children": {
                "TrainerController._reset_env": {
                    "total": 15.137004,
                    "count": 1,
                    "self": 15.137004
                },
                "TrainerController.advance": {
                    "total": 60.376629000000555,
                    "count": 14567,
                    "self": 0.11494590000060612,
                    "children": {
                        "env_step": {
                            "total": 60.26168309999995,
                            "count": 14567,
                            "self": 41.448552199999725,
                            "children": {
                                "SubprocessEnvManager._take_step": {
                                    "total": 18.703355600000002,
                                    "count": 14567,
                                    "self": 0.5138271999995716,
                                    "children": {
                                        "TorchPolicy.evaluate": {
                                            "total": 18.18952840000043,
                                            "count": 14567,
                                            "self": 5.395072800000607,
                                            "children": {
                                                "TorchPolicy.sample_actions": {
                                                    "total": 12.794455599999823,
                                                    "count": 14567,
                                                    "self": 12.794455599999823
                                                }
                                            }
                                        }
                                    }
                                },
                                "workers": {
                                    "total": 0.10977530000022284,
                                    "count": 14566,
                                    "self": 0.0,
                                    "children": {
                                        "worker_root": {
                                            "total": 41.94235669999975,
                                            "count": 14566,
                                            "is_parallel": true,
                                            "self": 27.00932259999945,
                                            "children": {
                                                "steps_from_proto": {
                                                    "total": 0.0025873999999994624,
                                                    "count": 1,
                                                    "is_parallel": true,
                                                    "self": 7.199999999940587e-05,
                                                    "children": {
                                                        "_process_vector_observation": {
                                                            "total": 0.0025154000000000565,
                                                            "count": 2,
                                                            "is_parallel": true,
                                                            "self": 0.0025154000000000565
                                                        }
                                                    }
                                                },
                                                "UnityEnvironment.step": {
                                                    "total": 14.9304467000003,
                                                    "count": 14566,
                                                    "is_parallel": true,
                                                    "self": 0.639669799999691,
                                                    "children": {
                                                        "UnityEnvironment._generate_step_input": {
                                                            "total": 0.5179134000003245,
                                                            "count": 14566,
                                                            "is_parallel": true,
                                                            "self": 0.5179134000003245
                                                        },
                                                        "communicator.exchange": {
                                                            "total": 12.369616299999814,
                                                            "count": 14566,
                                                            "is_parallel": true,
                                                            "self": 12.369616299999814
                                                        },
                                                        "steps_from_proto": {
                                                            "total": 1.4032472000004699,
                                                            "count": 14566,
                                                            "is_parallel": true,
                                                            "self": 0.67946040000073,
                                                            "children": {
                                                                "_process_vector_observation": {
                                                                    "total": 0.7237867999997398,
                                                                    "count": 29132,
                                                                    "is_parallel": true,