{
    "name": "root",
    "gauges": {
        "CarDrive.Policy.Entropy.mean": {
            "value": 1.4228163957595825,
            "min": 1.4189382791519165,
            "max": 1.4339001178741455,
            "count": 50
        },
        "CarDrive.Policy.ExtrinsicValueEstimate.mean": {
            "value": 1.2195327281951904,
            "min": -0.047273848205804825,
            "max": 1.2195327281951904,
            "count": 50
        },
        "CarDrive.IsTraining.mean": {
            "value": 1.0,
            "min": 1.0,
            "max": 1.0,
            "count": 50
        },
        "CarDrive.Losses.PolicyLoss.mean": {
            "value": 0.019626099158388872,
            "min": 0.01827082862146199,
            "max": 0.02986217737197876,
            "count": 48
        },
        "CarDrive.Losses.ValueLoss.mean": {
            "value": 0.010463430391003689,
            "min": 0.0004039251148545494,
            "max": 0.022550406058629353,
            "count": 48
        },
        "CarDrive.Policy.LearningRate.mean": {
            "value": 2.926299024600011e-06,
            "min": 2.926299024600011e-06,
            "max": 0.00029366400211200004,
            "count": 48
        },
        "CarDrive.Policy.Epsilon.mean": {
            "value": 0.10097539999999998,
            "min": 0.10097539999999998,
            "max": 0.19788799999999995,
            "count": 48
        },
        "CarDrive.Policy.Beta.mean": {
            "value": 5.86724600000002e-05,
            "min": 5.86724600000002e-05,
            "max": 0.004894611200000001,
            "count": 48
        },
        "CarDrive.Environment.EpisodeLength.mean": {
            "value": 17861.0,
            "min": 577.0,
            "max": 17861.0,
            "count": 13
        },
        "CarDrive.Environment.CumulativeReward.mean": {
            "value": 85.80114804313052,
            "min": 0.11180963439189574,
            "max": 85.80114804313052,
            "count": 13
        },
        "CarDrive.Policy.ExtrinsicReward.mean": {
            "value": 85.80114804313052,
            "min": 0.11180963439189574,
            "max": 85.80114804313052,
            "count": 13
        }
    },
    "metadata": {
        "timer_format_version": "0.1.0",
        "start_time_seconds": "1613011396",
        "python_version": "3.8.3 (default, Jul  2 2020, 17:30:36) [MSC v.1916 64 bit (AMD64)]",
        "command_line_arguments": "C:\\Users\\sahil\\anaconda3\\Scripts\\mlagents-learn trainer_config.yaml --train --force --run-id=CarDrive",
        "mlagents_version": "0.23.0",
        "mlagents_envs_version": "0.23.0",
        "communication_protocol_version": "1.3.0",
        "pytorch_version": "1.7.0+cu110",
        "numpy_version": "1.18.5",
        "end_time_seconds": "1613011971"
    },
    "total": 574.4519055,
    "count": 1,
    "self": 0.01603989999989608,
    "children": {
        "run_training.setup": {
            "total": 0.007296500000000039,
            "count": 1,
            "self": 0.007296500000000039
        },
        "TrainerController.start_learning": {
            "total": 574.4285691,
            "count": 1,
            "self": 0.7437141999932919,
            "children": {
                "TrainerController._reset_env": {
                    "total": 10.5785204,
                    "count": 1,
                    "self": 10.5785204
                },
                "TrainerController.advance": {
                    "total": 563.0139768000067,
                    "count": 33374,
                    "self": 0.37290340000970446,
                    "children": {
                        "env_step": {
                            "total": 562.641073399997,
                            "count": 33374,
                            "self": 451.88488950000425,
                            "children": {
                                "SubprocessEnvManager._take_step": {
                                    "total": 110.31510749999362,
                                    "count": 33374,
                                    "self": 2.14603079999398,
                                    "children": {
                                        "TorchPolicy.evaluate": {
                                            "total": 108.16907669999964,
                                            "count": 33374,
                                            "self": 36.44498290000051,
                                            "children": {
                                                "TorchPolicy.sample_actions": {
                                                    "total": 71.72409379999912,
                                                    "count": 33374,
                                                    "self": 71.72409379999912
                                                }
                                            }
                                        }
                                    }
                                },
                                "workers": {
                                    "total": 0.44107639999915804,
                                    "count": 33374,
                                    "self": 0.0,
                                    "children": {
                                        "worker_root": {
                                            "total": 564.435927600006,
                                            "count": 33374,
                                            "is_parallel": true,
                                            "self": 159.49482410000144,
                                            "children": {
                                                "steps_from_proto": {
                                                    "total": 0.00035019999999974516,
                                                    "count": 1,
                                                    "is_parallel": true,
                                                    "self": 9.689999999906718e-05,
                                                    "children": {
                                                        "_process_vector_observation": {
                                                            "total": 0.000253300000000678,
                                                            "count": 2,
                                                            "is_parallel": true,
                                                            "self": 0.000253300000000678
                                                        }
                                                    }
                                                },
                                                "UnityEnvironment.step": {
                                                    "total": 404.9407533000046,
                                                    "count": 33374,
                                                    "is_parallel": true,
                                                    "self": 2.6185803999907193,
                                                    "children": {
                                                        "UnityEnvironment._generate_step_input": {
                                                            "total": 26.276455400003208,
                                                            "count": 33374,
                                                            "is_parallel": true,
                                                            "self": 26.276455400003208
                                                        },
                                                        "communicator.exchange": {
                                                            "total": 366.76235810001134,
                                                            "count": 33374,
                                                            "is_parallel": true,