{
    "name": "root",
    "gauges": {
        "CarDrive2.Policy.Entropy.mean": {
            "value": 1.3831974267959595,
            "min": 1.3831968307495117,
            "max": 1.420975685119629,
            "count": 100
        },
        "CarDrive2.Policy.ExtrinsicValueEstimate.mean": {
            "value": -0.24176830053329468,
            "min": -0.24176830053329468,
            "max": 0.48745590448379517,
            "count": 100
        },
        "CarDrive2.IsTraining.mean": {
            "value": 1.0,
            "min": 1.0,
            "max": 1.0,
            "count": 100
        },
        "CarDrive2.Losses.PolicyLoss.mean": {
            "value": 0.025553691495830814,
            "min": 0.013316412192458908,
            "max": 0.03263817063222329,
            "count": 97
        },
        "CarDrive2.Losses.ValueLoss.mean": {
            "value": 0.002783733039783935,
            "min": 7.096011516599295e-05,
            "max": 0.053263325492540994,
            "count": 97
        },
        "CarDrive2.Policy.LearningRate.mean": {
            "value": 1.959999349999452e-08,
            "min": 1.959999349999452e-08,
            "max": 0.0002968320010559999,
            "count": 97
        },
        "CarDrive2.Policy.Epsilon.mean": {
            "value": 0.10000650000000003,
            "min": 0.10000650000000003,
            "max": 0.198944,
            "count": 97
        },
        "CarDrive2.Policy.Beta.mean": {
            "value": 1.0324349999999914e-05,
            "min": 1.0324349999999914e-05,
            "max": 0.004947305600000002,
            "count": 97
        },
        "CarDrive2.Environment.EpisodeLength.mean": {
            "value": 137.16666666666666,
            "min": 10.980392156862745,
            "max": 10876.0,
            "count": 57
        },
        "CarDrive2.Environment.CumulativeReward.mean": {
            "value": -0.22347323037683964,
            "min": -7.385660965088755,
            "max": 34.86717010475695,
            "count": 57
        },
        "CarDrive2.Policy.ExtrinsicReward.mean": {
            "value": -0.22347323037683964,
            "min": -7.385660965088755,
            "max": 34.86717010475695,
            "count": 57
        }
    },
    "metadata": {
        "timer_format_version": "0.1.0",
        "start_time_seconds": "1614228963",
        "python_version": "3.8.3 (default, Jul  2 2020, 17:30:36) [MSC v.1916 64 bit (AMD64)]",
        "command_line_arguments": "C:\\Users\\sahil\\anaconda3\\Scripts\\mlagents-learn trainer_config2.yaml --train --force --run-id=CarDrive",
        "mlagents_version": "0.23.0",
        "mlagents_envs_version": "0.23.0",
        "communication_protocol_version": "1.3.0",
        "pytorch_version": "1.7.0+cu110",
        "numpy_version": "1.18.5",
        "end_time_seconds": "1614229920"
    },
    "total": 956.4664141,
    "count": 1,
    "self": 0.01623159999996915,
    "children": {
        "run_training.setup": {
            "total": 0.007579000000000002,
            "count": 1,
            "self": 0.007579000000000002
        },
        "TrainerController.start_learning": {
            "total": 956.4426035,
            "count": 1,
            "self": 1.4248639999887018,
            "children": {
                "TrainerController._reset_env": {
                    "total": 21.2149169,
                    "count": 1,
                    "self": 21.2149169
                },
                "TrainerController.advance": {
                    "total": 933.7470691000112,
                    "count": 66746,
                    "self": 0.7247191999991855,
                    "children": {
                        "env_step": {
                            "total": 933.022349900012,
                            "count": 66746,
                            "self": 744.1720420000087,
                            "children": {
                                "SubprocessEnvManager._take_step": {
                                    "total": 188.04749260000182,
                                    "count": 66746,
                                    "self": 4.07733609999957,
                                    "children": {
                                        "TorchPolicy.evaluate": {
                                            "total": 183.97015650000225,
                                            "count": 66746,
                                            "self": 60.906881699997,
                                            "children": {
                                                "TorchPolicy.sample_actions": {
                                                    "total": 123.06327480000525,
                                                    "count": 66746,
                                                    "self": 123.06327480000525
                                                }
                                            }
                                        }
                                    }
                                },
                                "workers": {
                                    "total": 0.8028153000015514,
                                    "count": 66746,
                                    "self": 0.0,
                                    "children": {
                                        "worker_root": {
                                            "total": 934.979380100008,
                                            "count": 66746,
                                            "is_parallel": true,
                                            "self": 278.3936329000028,
                                            "children": {
                                                "steps_from_proto": {
                                                    "total": 0.0003391999999990958,
                                                    "count": 1,
                                                    "is_parallel": true,
                                                    "self": 8.95999999990238e-05,
                                                    "children": {
                                                        "_process_vector_observation": {
                                                            "total": 0.000249600000000072,
                                                            "count": 2,
                                                            "is_parallel": true,
                                                            "self": 0.000249600000000072
                                                        }
                                                    }
                                                },
                                                "UnityEnvironment.step": {
                                                    "total": 656.5854080000053,
                                                    "count": 66746,
                                                    "is_parallel": true,
                                                    "self": 4.966498899999806,
                                                    "children": {
                                                        "UnityEnvironment._generate_step_input": {
                                                            "total": 49.031226000012055,
                                                            "count": 66746,
                                                            "is_parallel": true,
                                                            "self": 49.031226000012055
                                                        },
                                                        "communicator.exchange": {
                                                            "total": 584.5743734999853,
                                                            "count": 66746,
                                                            "is_parallel": true,