{
    "name": "root",
    "gauges": {
        "CarDrive2.Policy.Entropy.mean": {
            "value": 1.4171156883239746,
            "min": 1.4169914722442627,
            "max": 1.4199273586273193,
            "count": 10
        },
        "CarDrive2.Policy.ExtrinsicValueEstimate.mean": {
            "value": 0.26973193883895874,
            "min": -0.037984851747751236,
            "max": 0.3291965425014496,
            "count": 10
        },
        "CarDrive2.IsTraining.mean": {
            "value": 1.0,
            "min": 1.0,
            "max": 1.0,
            "count": 10
        },
        "CarDrive2.Losses.PolicyLoss.mean": {
            "value": 0.03002059517117838,
            "min": 0.015858527474726238,
            "max": 0.03002059517117838,
            "count": 9
        },
        "CarDrive2.Losses.ValueLoss.mean": {
            "value": 0.0024093180429190396,
            "min": 0.00029632648268792156,
            "max": 0.009465088074405988,
            "count": 9
        },
        "CarDrive2.Policy.LearningRate.mean": {
            "value": 0.00027154110948630005,
            "min": 0.00027154110948630005,
            "max": 0.0002968320010559999,
            "count": 9
        },
        "CarDrive2.Policy.Epsilon.mean": {
            "value": 0.19051370000000006,
            "min": 0.19051370000000006,
            "max": 0.198944,
            "count": 9
        },
        "CarDrive2.Policy.Beta.mean": {
            "value": 0.00452663363,
            "min": 0.00452663363,
            "max": 0.004947305600000002,
            "count": 9
        },
        "CarDrive2.Environment.EpisodeLength.mean": {
            "value": 2223.0,
            "min": 1590.5,
            "max": 2223.0,
            "count": 2
        },
        "CarDrive2.Environment.CumulativeReward.mean": {
            "value": 2.2019688047003,
            "min": 2.1335749365389347,
            "max": 2.2019688047003,
            "count": 2
        },
        "CarDrive2.Policy.ExtrinsicReward.mean": {
            "value": 2.2019688047003,
            "min": 2.1335749365389347,
            "max": 2.2019688047003,
            "count": 2
        }
    },
    "metadata": {
        "timer_format_version": "0.1.0",
        "start_time_seconds": "1614360724",
        "python_version": "3.8.3 (default, Jul  2 2020, 17:30:36) [MSC v.1916 64 bit (AMD64)]",
        "command_line_arguments": "C:\\Users\\sahil\\anaconda3\\Scripts\\mlagents-learn trainer_config2.yaml --train --force --run-id=CarDrive2",
        "mlagents_version": "0.23.0",
        "mlagents_envs_version": "0.23.0",
        "communication_protocol_version": "1.3.0",
        "pytorch_version": "1.7.0+cu110",
        "numpy_version": "1.18.5",
        "end_time_seconds": "1614360836"
    },
    "total": 111.5473722,
    "count": 1,
    "self": 0.006637400000002458,
    "children": {
        "run_training.setup": {
            "total": 0.008455699999999844,
            "count": 1,
            "self": 0.008455699999999844
        },
        "TrainerController.start_learning": {
            "total": 111.5322791,
            "count": 1,
            "self": 0.15220640000009666,
            "children": {
                "TrainerController._reset_env": {
                    "total": 8.788788799999999,
                    "count": 1,
                    "self": 8.788788799999999
                },
                "TrainerController.advance": {
                    "total": 102.4273707999999,
                    "count": 7167,
                    "self": 0.08030110000004242,
                    "children": {
                        "env_step": {
                            "total": 102.34706969999986,
                            "count": 7167,
                            "self": 81.667753999999,
                            "children": {
                                "SubprocessEnvManager._take_step": {
                                    "total": 20.59068870000027,
                                    "count": 7167,
                                    "self": 0.4384912000006409,
                                    "children": {
                                        "TorchPolicy.evaluate": {
                                            "total": 20.15219749999963,
                                            "count": 7167,
                                            "self": 6.547784200000235,
                                            "children": {
                                                "TorchPolicy.sample_actions": {
                                                    "total": 13.604413299999395,
                                                    "count": 7167,
                                                    "self": 13.604413299999395
                                                }
                                            }
                                        }
                                    }
                                },
                                "workers": {
                                    "total": 0.08862700000059576,
                                    "count": 7166,
                                    "self": 0.0,
                                    "children": {
                                        "worker_root": {
                                            "total": 105.10820360000017,
                                            "count": 7166,
                                            "is_parallel": true,
                                            "self": 33.30241489999952,
                                            "children": {
                                                "steps_from_proto": {
                                                    "total": 0.0011209000000000913,
                                                    "count": 1,
                                                    "is_parallel": true,
                                                    "self": 0.00012090000000064549,
                                                    "children": {
                                                        "_process_vector_observation": {
                                                            "total": 0.0009999999999994458,
                                                            "count": 2,
                                                            "is_parallel": true,
                                                            "self": 0.0009999999999994458
                                                        }
                                                    }
                                                },
                                                "UnityEnvironment.step": {
                                                    "total": 71.80466780000064,
                                                    "count": 7166,
                                                    "is_parallel": true,
                                                    "self": 0.5573354000016195,
                                                    "children": {
                                                        "UnityEnvironment._generate_step_input": {
                                                            "total": 5.321173899999165,
                                                            "count": 7166,
                                                            "is_parallel": true,
                                                            "self": 5.321173899999165
                                                        },
                                                        "communicator.exchange": {
                                                            "total": 64.00944270000016,
                                                            "count": 7166,
                                                            "is_parallel": true,