{
    "name": "root",
    "metadata": {
        "timer_format_version": "0.1.0",
        "start_time_seconds": "1611078189",
        "python_version": "3.7.9 (tags/v3.7.9:13c94747c7, Aug 17 2020, 18:58:18) [MSC v.1900 64 bit (AMD64)]",
        "command_line_arguments": "C:\\Users\\Kevin Yu\\AppData\\Local\\Programs\\Python\\Python37\\Scripts\\mlagents-learn trainer_config.yaml --train --run-id=CarDrive6",
        "mlagents_version": "0.23.0",
        "mlagents_envs_version": "0.23.0",
        "communication_protocol_version": "1.3.0",
        "pytorch_version": "1.7.0+cu110",
        "numpy_version": "1.18.5",
        "end_time_seconds": "1611078706"
    },
    "total": 517.4427731000001,
    "count": 1,
    "self": 0.0032739000000674423,
    "children": {
        "run_training.setup": {
            "total": 0.019191300000000022,
            "count": 1,
            "self": 0.019191300000000022
        },
        "TrainerController.start_learning": {
            "total": 517.4203079,
            "count": 1,
            "self": 2.1900420000035865,
            "children": {
                "TrainerController._reset_env": {
                    "total": 14.168131299999999,
                    "count": 1,
                    "self": 14.168131299999999
                },
                "TrainerController.advance": {
                    "total": 500.95760209999645,
                    "count": 105684,
                    "self": 1.1674399999936895,
                    "children": {
                        "env_step": {
                            "total": 499.79016210000276,
                            "count": 105684,
                            "self": 306.7889441000055,
                            "children": {
                                "SubprocessEnvManager._take_step": {
                                    "total": 191.90627520000285,
                                    "count": 105684,
                                    "self": 5.459437000004613,
                                    "children": {
                                        "TorchPolicy.evaluate": {
                                            "total": 186.44683819999824,
                                            "count": 105684,
                                            "self": 68.74956669999071,
                                            "children": {
                                                "TorchPolicy.sample_actions": {
                                                    "total": 117.69727150000753,
                                                    "count": 105684,
                                                    "self": 117.69727150000753
                                                }
                                            }
                                        }
                                    }
                                },
                                "workers": {
                                    "total": 1.094942799994417,
                                    "count": 105683,
                                    "self": 0.0,
                                    "children": {
                                        "worker_root": {
                                            "total": 443.9048899999952,
                                            "count": 105683,
                                            "is_parallel": true,
                                            "self": 281.4371653000017,
                                            "children": {
                                                "steps_from_proto": {
                                                    "total": 0.0003232999999998043,
                                                    "count": 1,
                                                    "is_parallel": true,
                                                    "self": 6.750000000010914e-05,
                                                    "children": {
                                                        "_process_vector_observation": {
                                                            "total": 0.00025579999999969516,
                                                            "count": 2,
                                                            "is_parallel": true,
                                                            "self": 0.00025579999999969516
                                                        }
                                                    }
                                                },
                                                "UnityEnvironment.step": {
                                                    "total": 162.4674013999935,
                                                    "count": 105683,
                                                    "is_parallel": true,
                                                    "self": 6.765368899996787,
                                                    "children": {
                                                        "UnityEnvironment._generate_step_input": {
                                                            "total": 7.906742300000806,
                                                            "count": 105683,
                                                            "is_parallel": true,
                                                            "self": 7.906742300000806
                                                        },
                                                        "communicator.exchange": {
                                                            "total": 132.81825129999746,
                                                            "count": 105683,
                                                            "is_parallel": true,
                                                            "self": 132.81825129999746
                                                        },
                                                        "steps_from_proto": {
                                                            "total": 14.977038899998446,
                                                            "count": 105683,
                                                            "is_parallel": true,
                                                            "self": 6.233821499988249,
                                                            "children": {
                                                                "_process_vector_observation": {
                                                                    "total": 8.743217400010197,
                                                                    "count": 211366,
                                                                    "is_parallel": true,
                                                                    "self": 8.743217400010197
                                                                }
                                                            }
                                                        }
                                                    }
                                                }
                                            }
                                        }
                                    }
                                }
                            }
                        }
                    }
                },
                "TrainerController._save_models": {
                    "total": 0.1045325000000048,
                    "count": 1,
                    "self": 0.005696000000057211,
                    "children": {
                        "RLTrainer._checkpoint": {
                            "total": 0.09883649999994759,
                            "count": 1,
                            "self": 0.09883649999994759
                        }
                    }
                }
            }
        }
    }
}